-3.48385e-16, -1.08429e-10, -6.25666e-09, -5.59075e-08, -4.68003e-07, -1.31586e-06, -3.0769e-06, -8.66684e-06, -1.54759e-05, -2.66566e-05, -2.67623e-05, -2.6868e-05, -7.94794e-05, -8.04696e-05, -0.000170514, -0.000172295, -0.000174077, -0.000307771, -0.000310544, -0.000476414, -0.000480267, -0.00048412, -0.000663173, -0.000668071, -0.000672969, -0.000843905, -0.000849665, -0.000985773, -0.000992061, -0.00099835, -0.00107482, -0.0010812, -0.00108161, -0.00108761, -0.00109361, -0.00100993, -0.00101506, -0.000848395, -0.00085221, -0.000856025, -0.000613308, -0.000615445, -0.000617582, -0.000315631, -0.000315877, 1.71183e-05, 1.88159e-05, 2.05136e-05, 0.000358581, 0.000362134, 0.000680103, 0.000685297, 0.000690492, 0.00096932, 0.000975867, 0.00120281, 0.00121043, 0.00121805, 0.00139803, 0.00140648, 0.00141494, 0.00159232, 0.00163581, 0.00167805, 0.00173538, 0.00177622, 0.00181693, 0.0018728, 0.00191315, 0.0019776, 0.001978, 0.0019784, 0.00208086, 0.00209262, 0.00220915, 0.00222164, 0.00223413, 0.00235988, 0.00237317, 0.002508, 0.00252212, 0.00253624, 0.00267508, 0.00268997, 0.00270486, 0.00283132, 0.00284687, 0.00295326, 0.00296936, 0.00298547, 0.00307482, 0.00309138, 0.00316422, 0.00318116, 0.0031981, 0.00325475, 0.00327196, 0.00328917, 0.00332888, 0.00334625, 0.00336762, 0.00338505, 0.00340248, 0.00340333, 0.00342067, 0.00339733, 0.00341445, 0.00343158, 0.00338843, 0.0034053, 0.00335609, 0.0033727, 0.0033893, 0.00333846, 0.00335478, 0.00337109, 0.00331636, 0.00333238, 0.00327452, 0.00329019, 0.00330586, 0.00322363, 0.00319089, 0.00317222, 0.00315199, 0.00311121, 0.00308694, 0.00306087, 0.00301093, 0.00301075, 0.00301102, 0.00301128, 0.00288057, 0.00289337, 0.00276454, 0.0027767, 0.00278887, 0.00265463, 0.00266614, 0.00267766, 0.00254005, 0.00255088, 0.00240671, 0.00241674, 0.00242677, 0.0022619, 0.00227098, 0.00208206, 0.00209005, 0.00209804, 0.00188841, 0.0018952, 0.00166873, 0.00167424, 0.00167975, 0.00143661, 0.00144073, 0.00144485, 0.00118565, 0.00118829, 0.00091432, 0.000915369, 0.000916417, 0.000624423, 0.000623761, 0.000311725, 0.000309249, 0.000306772, -2.20344e-05, -2.63522e-05, -3.06699e-05, -0.000361797, -0.000367946, -0.000694495, -0.000702471, -0.000710447, -0.00103547, -0.00104526, -0.00136458, -0.0013762, -0.00138781, -0.00175896, -0.00187582, -0.00204653, -0.00216624, -0.0022877, -0.00246638, -0.00259438, -0.00272653, -0.00297601, -0.00297629, -0.00297657, -0.00338001, -0.00340335, -0.00342669, -0.00388902, -0.00391544, -0.00442745, -0.00445725, -0.00448705, -0.00503748, -0.0050708, -0.00563205, -0.00566888, -0.00570571, -0.00625676, -0.00629691, -0.00680431, -0.00684739, -0.00689048, -0.00732751, -0.00737301, -0.00741851, -0.00776575, -0.00781307, -0.00806055, -0.00810911, -0.00815766, -0.00830826, -0.0083575, -0.00842169, -0.0084712, -0.00852071, -0.00851988, -0.00856943, -0.00853405, -0.00858359, -0.00863312, -0.00859336, -0.00864301, -0.00869266, -0.00867252, -0.00872254, -0.00874384, -0.00879458, -0.00884531, -0.00892197, -0.00897377, -0.00910209, -0.00915527, -0.00920845, -0.00940679, -0.00951178, -0.00964751, -0.00975909, -0.00987265, -0.0100175, -0.0101346, -0.0102529, -0.0103722
1.2793e-16, -1.04128e-09, -1.20972e-08, -5.53307e-08, -2.52931e-07, -5.27879e-07, -9.47769e-07, -1.80626e-06, -2.39928e-06, -2.75871e-06, -2.75893e-06, -2.75915e-06, -1.1092e-07, -5.0984e-08, 1.03693e-05, 1.055e-05, 1.07308e-05, 3.1388e-05, 3.17458e-05, 6.16775e-05, 6.2245e-05, 6.28124e-05, 9.78701e-05, 9.8646e-05, 9.94219e-05, 0.000133442, 0.000134393, 0.000161395, 0.000162468, 0.00016354, 0.000179322, 0.000180444, 0.000182266, 0.000183356, 0.000184446, 0.000170599, 0.000171566, 0.000141012, 0.000141752, 0.000142493, 9.44933e-05, 9.49021e-05, 9.53109e-05, 3.07849e-05, 3.07667e-05, -4.60496e-05, -4.65576e-05, -4.70655e-05, -0.000130054, -0.000131069, -0.000212208, -0.000213708, -0.000215207, -0.000288887, -0.00029082, -0.000354421, -0.000356733, -0.000359044, -0.000415377, -0.000418034, -0.00042069, -0.000489819, -0.000509591, -0.000529925, -0.000559733, -0.000581072, -0.000602684, -0.000633849, -0.000656382, -0.000689172, -0.000689325, -0.000689477, -0.000757251, -0.000761961, -0.000841557, -0.000846849, -0.00085214, -0.000945632, -0.000951607, -0.00105476, -0.00106147, -0.00106818, -0.00117209, -0.0011795, -0.00118691, -0.00127981, -0.00128782, -0.00135818, -0.00136663, -0.00137507, -0.00141542, -0.00142408, -0.00143033, -0.00143897, -0.00144761, -0.00141825, -0.00142662, -0.00143499, -0.00136947, -0.00137734, -0.00127702, -0.00128413, -0.00129124, -0.00115871, -0.00116487, -0.00100889, -0.00101397, -0.00101904, -0.000849803, -0.000853764, -0.000684277, -0.000687157, -0.000690038, -0.000529595, -0.000531487, -0.00053338, -0.000386237, -0.000387249, -0.000250845, -0.000251047, -0.000251249, -9.99924e-05, -3.57085e-05, 7.79665e-06, 5.17763e-05, 0.000117789, 0.000162455, 0.000207464, 0.000275146, 0.000330025, 0.000330088, 0.00033015, 0.000473803, 0.000477913, 0.000635322, 0.000640488, 0.000645653, 0.000820572, 0.000826932, 0.000833291, 0.00102101, 0.00102863, 0.00121646, 0.00122533, 0.0012342, 0.0014105, 0.00142051, 0.00157181, 0.00158276, 0.00159371, 0.00171211, 0.00172376, 0.00180478, 0.00181687, 0.00182896, 0.00187203, 0.00188429, 0.00189654, 0.00190155, 0.0019137, 0.00188197, 0.00189378, 0.0019056, 0.00184069, 0.00185195, 0.00176313, 0.00177372, 0.0017843, 0.00168278, 0.00169266, 0.00170255, 0.00160035, 0.00160958, 0.00151771, 0.0015264, 0.00153508, 0.00145676, 0.00146501, 0.00139654, 0.00140442, 0.00141231, 0.00133779, 0.00132231, 0.00129429, 0.00127751, 0.00126027, 0.00123013, 0.00121192, 0.00119298, 0.0011739, 0.00117398, 0.00117407, 0.001084, 0.00108968, 0.00109537, 0.000988687, 0.000993608, 0.00086303, 0.000866997, 0.000870965, 0.000717993, 0.000720867, 0.000554186, 0.000555899, 0.000557613, 0.00038521, 0.000385767, 0.000217358, 0.000216819, 0.000216279, 5.62905e-05, 5.47458e-05, 5.32011e-05, -9.63545e-05, -9.88077e-05, -0.000236976, -0.000240246, -0.000243516, -0.000371766, -0.000375771, -0.00049465, -0.000499328, -0.000504006, -0.000617075, -0.000622398, -0.000734751, -0.000740751, -0.000746752, -0.000866788, -0.000873558, -0.000880328, -0.00101527, -0.00102295, -0.0011763, -0.00118503, -0.00119376, -0.00136589, -0.0013758, -0.00155927, -0.00157044, -0.00158161, -0.00179974, -0.00187041, -0.0019691, -0.00203813, -0.00210649, -0.00220071, -0.00226717, -0.00233293, -0.00239795
0.339, 0.339, 0.339, 0.339, 0.338999, 0.338999, 0.338997, 0.338995, 0.338993, 0.338991, 0.338991, 0.338991, 0.338973, 0.338972, 0.338926, 0.338925, 0.338924, 0.338837, 0.338836, 0.3387, 0.338697, 0.338694, 0.338499, 0.338495, 0.338491, 0.338234, 0.338228, 0.337903, 0.337895, 0.337886, 0.337479, 0.337468, 0.336973, 0.336957, 0.336942, 0.336352, 0.336333, 0.335657, 0.335633, 0.335609, 0.334853, 0.334824, 0.334795, 0.333976, 0.333942, 0.333085, 0.333045, 0.333006, 0.33212, 0.332075, 0.331176, 0.331125, 0.331073, 0.330168, 0.330111, 0.329221, 0.329158, 0.329096, 0.328233, 0.328165, 0.328097, 0.327052, 0.326755, 0.326464, 0.326077, 0.325802, 0.325534, 0.325184, 0.324933, 0.324497, 0.324494, 0.324491, 0.323982, 0.323892, 0.323405, 0.32331, 0.323216, 0.322759, 0.322661, 0.322223, 0.322122, 0.322021, 0.321592, 0.321487, 0.321382, 0.320959, 0.320851, 0.320427, 0.320315, 0.320203, 0.319758, 0.319642, 0.319165, 0.319045, 0.318925, 0.318405, 0.31828, 0.318156, 0.317593, 0.317464, 0.316872, 0.316738, 0.316605, 0.315994, 0.315855, 0.31525, 0.315107, 0.314964, 0.314374, 0.314226, 0.313662, 0.313509, 0.313357, 0.312827, 0.31267, 0.312514, 0.312035, 0.311874, 0.311467, 0.311303, 0.311139, 0.310803, 0.310606, 0.310433, 0.310271, 0.310133, 0.309999, 0.309876, 0.309797, 0.309302, 0.309299, 0.309295, 0.309466, 0.309293, 0.30947, 0.309297, 0.309125, 0.309354, 0.309182, 0.30901, 0.309277, 0.309105, 0.309401, 0.309229, 0.309057, 0.309377, 0.309205, 0.309536, 0.309365, 0.309194, 0.309519, 0.309348, 0.309651, 0.30948, 0.30931, 0.309584, 0.309413, 0.309242, 0.309487, 0.309316, 0.309539, 0.309368, 0.309196, 0.309411, 0.309239, 0.309462, 0.30929, 0.309118, 0.309359, 0.309187, 0.309015, 0.309277, 0.309105, 0.309397, 0.309225, 0.309054, 0.309388, 0.309217, 0.309606, 0.309436, 0.309267, 0.309837, 0.309899, 0.310095, 0.31018, 0.310275, 0.310518, 0.310636, 0.310763, 0.310665, 0.310663, 0.310661, 0.311524, 0.311368, 0.311212, 0.312051, 0.311899, 0.31277, 0.312622, 0.312473, 0.313369, 0.313225, 0.314133, 0.313993, 0.313852, 0.314772, 0.314635, 0.315551, 0.315418, 0.315286, 0.316186, 0.316057, 0.315929, 0.3168, 0.316675, 0.317507, 0.317385, 0.317264, 0.318058, 0.31794, 0.318699, 0.318584, 0.31847, 0.319206, 0.319095, 0.319819, 0.31971, 0.319601, 0.320324, 0.320218, 0.320113, 0.320836, 0.320733, 0.321458, 0.321359, 0.32126, 0.321997, 0.321901, 0.322653, 0.322561, 0.322469, 0.323395, 0.323604, 0.323966, 0.324182, 0.324401, 0.324774, 0.324997, 0.325221, 0.325446
1.40237e-15, -3.78688e-08, -4.30244e-07, -1.91914e-06, -8.44708e-06, -1.7133e-05, -2.95746e-05, -5.03619e-05, -5.64888e-05, -4.01825e-05, -4.00118e-05, -3.9841e-05, 0.00012969, 0.000132793, 0.000534892, 0.000542385, 0.000549878, 0.00129628, 0.00130996, 0.00235144, 0.00237228, 0.00239312, 0.00359377, 0.00362195, 0.00365012, 0.00487279, 0.00490759, 0.00599407, 0.006034, 0.00607393, 0.00689514, 0.00693831, 0.00742841, 0.00747279, 0.00751716, 0.00765631, 0.00769982, 0.00748624, 0.0075269, 0.00756757, 0.00701405, 0.00705018, 0.00708631, 0.00624861, 0.00627929, 0.00529524, 0.00532049, 0.00534574, 0.0043686, 0.00438923, 0.00356108, 0.00357868, 0.00359628, 0.00304523, 0.00306167, 0.00283291, 0.00284954, 0.00286617, 0.002869, 0.00288679, 0.00290458, 0.00315056, 0.00324581, 0.00333805, 0.00346306, 0.0035535, 0.00364531, 0.00376935, 0.00384741, 0.00395137, 0.0039522, 0.00395303, 0.00394803, 0.00396996, 0.00376519, 0.00378431, 0.00380342, 0.00328703, 0.0033018, 0.00253205, 0.00254174, 0.00255143, 0.00166064, 0.00166513, 0.00166963, 0.00076599, 0.000765976, -1.1199e-05, -1.43433e-05, -1.74876e-05, -0.000552857, -0.000557548, -0.0008179, -0.000822568, -0.000827235, -0.000817258, -0.000820349, -0.000823441, -0.000547238, -0.000547222, -1.38281e-05, -9.39284e-06, -4.95757e-06, 0.000749916, 0.000759386, 0.00160939, 0.00162374, 0.0016381, 0.00245686, 0.0024754, 0.00316432, 0.00318563, 0.00320695, 0.0036501, 0.00367249, 0.00369487, 0.00384337, 0.00386565, 0.00381261, 0.0038339, 0.00385519, 0.00359977, 0.00346052, 0.00337506, 0.00328995, 0.00315112, 0.00306259, 0.00297431, 0.00284826, 0.00283424, 0.00283456, 0.00283487, 0.00274396, 0.00276069, 0.00285142, 0.00287047, 0.00288952, 0.00325946, 0.00328218, 0.00330491, 0.00390411, 0.00393116, 0.00463327, 0.00466475, 0.00469624, 0.00541058, 0.00544586, 0.00604254, 0.00608031, 0.00611808, 0.00648798, 0.00652675, 0.00663898, 0.00667727, 0.00671556, 0.00657257, 0.00660888, 0.0066452, 0.00624803, 0.00628089, 0.00563546, 0.00566358, 0.00569169, 0.0048294, 0.00485215, 0.00389526, 0.00391277, 0.00393028, 0.00299912, 0.00301201, 0.00302491, 0.00220962, 0.00221924, 0.00164129, 0.0016493, 0.00165732, 0.00136774, 0.00137532, 0.00128772, 0.00129578, 0.00130383, 0.00139837, 0.00146107, 0.00155111, 0.00161395, 0.00167821, 0.00177432, 0.00184359, 0.00190876, 0.001997, 0.00199715, 0.00199731, 0.00197842, 0.00198888, 0.00199935, 0.00179705, 0.00180477, 0.00132457, 0.00132818, 0.00133179, 0.000619586, 0.000618428, -0.000197971, -0.000203857, -0.000209744, -0.00101465, -0.00102444, -0.0016806, -0.0016928, -0.00170501, -0.00210619, -0.00211906, -0.00213192, -0.00222986, -0.00224153, -0.00202352, -0.00203212, -0.00204073, -0.00150385, -0.0015076, -0.000671491, -0.000668851, -0.000666211, 0.00042624, 0.000436124, 0.00166362, 0.00168081, 0.00169799, 0.00292945, 0.00295331, 0.00297716, 0.00409243, 0.00412163, 0.00499804, 0.00503095, 0.00506385, 0.00565592, 0.00569134, 0.00607152, 0.00610856, 0.00614559, 0.0063858, 0.00645614, 0.00654842, 0.00662758, 0.00670987, 0.00681657, 0.00690142, 0.00698593, 0.00706955
7.61312e-16, 9.06064e-10, 4.3169e-08, 3.79248e-07, 3.23019e-06, 9.24606e-06, 2.19959e-05, 6.33396e-05, 0.000114458, 0.000199002, 0.000199783, 0.000200564, 0.000587146, 0.000594311, 0.00123373, 0.00124645, 0.00125917, 0.00219824, 0.00221799, 0.00339437, 0.00342203, 0.0034497, 0.00476994, 0.00480587, 0.00484181, 0.00621205, 0.00625582, 0.0075353, 0.00758564, 0.00763598, 0.00868628, 0.00874134, 0.00946404, 0.0095217, 0.00957936, 0.00993414, 0.00999228, 0.00998149, 0.0100383, 0.010095, 0.00976543, 0.00981949, 0.00987356, 0.00932076, 0.00937164, 0.00874154, 0.0087895, 0.00883746, 0.0082583, 0.00830413, 0.00786668, 0.00791167, 0.00795666, 0.00774559, 0.00779134, 0.00785323, 0.00790115, 0.00794907, 0.00825103, 0.00830229, 0.00835354, 0.00903324, 0.00927766, 0.00952528, 0.00986619, 0.0101079, 0.0103447, 0.0106585, 0.0108816, 0.0112495, 0.011252, 0.0112544, 0.0117178, 0.0117889, 0.0122078, 0.0122817, 0.0123557, 0.0127423, 0.0128191, 0.0131678, 0.0132471, 0.0133264, 0.0136436, 0.0137255, 0.0138074, 0.0141274, 0.014212, 0.0145365, 0.0146237, 0.0147108, 0.015024, 0.0151136, 0.0154092, 0.0155014, 0.0155935, 0.0158754, 0.0159699, 0.0160644, 0.016331, 0.0164278, 0.0166725, 0.0167715, 0.0168705, 0.0170962, 0.0171974, 0.0174183, 0.0175217, 0.0176251, 0.0178425, 0.017948, 0.0181313, 0.0182386, 0.0183459, 0.0184899, 0.0185988, 0.0187077, 0.0188125, 0.0189227, 0.0189637, 0.0190747, 0.0191857, 0.019121, 0.0191236, 0.019149, 0.0191631, 0.0191079, 0.0190949, 0.019072, 0.0189663, 0.0191759, 0.019178, 0.0191801, 0.0187435, 0.0188505, 0.0183925, 0.0184977, 0.0186028, 0.0181091, 0.0182121, 0.0183151, 0.0177815, 0.017882, 0.0173105, 0.0174086, 0.0175067, 0.01692, 0.0170155, 0.0164152, 0.0165078, 0.0166004, 0.0159644, 0.0160539, 0.0153821, 0.0154683, 0.0155545, 0.0148463, 0.0149289, 0.0150116, 0.0142683, 0.0143471, 0.0135734, 0.0136483, 0.0137231, 0.0129233, 0.0129942, 0.0121981, 0.012265, 0.0123319, 0.0115425, 0.0116053, 0.0116681, 0.0108627, 0.0109214, 0.0101049, 0.0101593, 0.0102137, 0.00938682, 0.0094367, 0.0085802, 0.0086253, 0.00867039, 0.00761325, 0.00733114, 0.00687691, 0.00658189, 0.00628431, 0.00582366, 0.00553621, 0.00526129, 0.00493247, 0.00493281, 0.00493314, 0.00425774, 0.00427995, 0.00430215, 0.00383627, 0.0038573, 0.00362653, 0.00364747, 0.00366842, 0.00362555, 0.00364705, 0.00371087, 0.00373313, 0.0037554, 0.00385214, 0.00387468, 0.00388357, 0.00390507, 0.00392657, 0.00370799, 0.00372657, 0.00374516, 0.00320555, 0.00321908, 0.00232164, 0.00232799, 0.00233433, 0.00107695, 0.00107425, -0.000482986, -0.000496037, -0.000509088, -0.00227764, -0.00230153, -0.00412875, -0.00416327, -0.00419778, -0.00597261, -0.00601709, -0.00606157, -0.00770945, -0.00776278, -0.00919646, -0.00925721, -0.00931796, -0.0104942, -0.010561, -0.0114977, -0.0115695, -0.0116412, -0.0124589, -0.0127028, -0.013017, -0.0132476, -0.0134785, -0.0137892, -0.0140278, -0.0142716, -0.0145216
3.49527e-17, 2.60076e-08, 3.04459e-07, 1.40426e-06, 6.5409e-06, 1.39782e-05, 2.61478e-05, 5.6093e-05, 8.59935e-05, 0.000128411, 0.000128805, 0.000129199, 0.000295863, 0.000299004, 0.000540788, 0.000545781, 0.000550775, 0.000862819, 0.000869855, 0.00121017, 0.0012191, 0.00122803, 0.00154047, 0.00155079, 0.00156112, 0.00178414, 0.00179493, 0.0018572, 0.00186713, 0.00187706, 0.00171067, 0.00171814, 0.00128267, 0.00128597, 0.00128927, 0.000563591, 0.000561045, -0.000439979, -0.00044986, -0.00045974, -0.00170914, -0.00172752, -0.0017459, -0.00318643, -0.00321402, -0.00475657, -0.00479359, -0.00483061, -0.00639949, -0.00644572, -0.00795506, -0.00800985, -0.00806465, -0.00945238, -0.0095148, -0.0107237, -0.0107926, -0.0108616, -0.0118829, -0.0119574, -0.0120319, -0.0130743, -0.0133442, -0.0135983, -0.0139124, -0.0141332, -0.0143439, -0.0146018, -0.0147937, -0.0151778, -0.0151811, -0.0151843, -0.0155015, -0.0155937, -0.0158529, -0.015947, -0.0160411, -0.0162174, -0.0163127, -0.016392, -0.0164882, -0.0165843, -0.0165676, -0.0166641, -0.0167606, -0.016666, -0.0167623, -0.016584, -0.0166795, -0.016775, -0.0164798, -0.0165736, -0.0161339, -0.0162251, -0.0163163, -0.0157143, -0.0158019, -0.0158896, -0.0151295, -0.0152128, -0.0143243, -0.0144026, -0.0144809, -0.0134982, -0.0135712, -0.0125417, -0.0126092, -0.0126766, -0.011613, -0.0116747, -0.0105772, -0.0106328, -0.0106883, -0.00956038, -0.00960978, -0.00965918, -0.00852273, -0.00856597, -0.00744136, -0.00747853, -0.00751571, -0.00623103, -0.00570977, -0.00537236, -0.00503189, -0.00449962, -0.0041461, -0.00378451, -0.00321547, -0.00285032, -0.0028505, -0.00285069, -0.00162187, -0.00162403, -0.000367966, -0.000362691, -0.000357415, 0.000920424, 0.000933175, 0.000945926, 0.0022208, 0.002241, 0.00349259, 0.00352022, 0.00354785, 0.0047862, 0.00482112, 0.00601867, 0.0060605, 0.00610234, 0.00722314, 0.00727126, 0.00827151, 0.00832516, 0.0083788, 0.00924216, 0.00930057, 0.00935897, 0.0100844, 0.0101469, 0.0107512, 0.0108174, 0.0108835, 0.0114061, 0.0114756, 0.0119524, 0.0120252, 0.0120981, 0.0125477, 0.0126236, 0.0126996, 0.0131131, 0.013192, 0.0135726, 0.0136544, 0.0137361, 0.0141045, 0.014189, 0.0145506, 0.0146382, 0.0147257, 0.01514, 0.0153235, 0.0155493, 0.0157242, 0.0158928, 0.0160827, 0.0162272, 0.0163594, 0.0167208, 0.0167222, 0.0167235, 0.0167329, 0.0168305, 0.0169281, 0.0168507, 0.016948, 0.0167457, 0.0168422, 0.0169387, 0.0166531, 0.0167488, 0.0164399, 0.0165347, 0.0166296, 0.0163525, 0.0164472, 0.016264, 0.0163594, 0.0164547, 0.016426, 0.0165232, 0.0166204, 0.0167882, 0.0168885, 0.01727, 0.0173748, 0.0174796, 0.018079, 0.0181894, 0.0189803, 0.0190972, 0.0192142, 0.0201617, 0.0202858, 0.0213223, 0.0214539, 0.0215854, 0.0226543, 0.0227931, 0.022932, 0.023974, 0.0241197, 0.0250663, 0.025218, 0.0253698, 0.0261797, 0.0263367, 0.0269879, 0.0271492, 0.0273105, 0.0278407, 0.0280694, 0.0283012, 0.0284922, 0.02867, 0.0288297, 0.0289781, 0.0291169, 0.0292471
1, 1, 1, 1, 1, 1, 1, 1, 1, 1, 1, 1, 1, 1, 0.999999, 0.999999, 0.999999, 0.999996, 0.999996, 0.999991, 0.999991, 0.99999, 0.999981, 0.999981, 0.99998, 0.999967, 0.999967, 0.999952, 0.999951, 0.999951, 0.999937, 0.999936, 0.999927, 0.999926, 0.999925, 0.999921, 0.99992, 0.999922, 0.999921, 0.99992, 0.999926, 0.999925, 0.999925, 0.999932, 0.999931, 0.999936, 0.999936, 0.999935, 0.999936, 0.999935, 0.999931, 0.99993, 0.999929, 0.999921, 0.99992, 0.999908, 0.999906, 0.999905, 0.999891, 0.99989, 0.999888, 0.999869, 0.999863, 0.999857, 0.999849, 0.999843, 0.999837, 0.999829, 0.999824, 0.999814, 0.999814, 0.999814, 0.999803, 0.999801, 0.999793, 0.99979, 0.999788, 0.999782, 0.999779, 0.999776, 0.999773, 0.99977, 0.999768, 0.999766, 0.999763, 0.999761, 0.999758, 0.999757, 0.999754, 0.999751, 0.999751, 0.999748, 0.999751, 0.999748, 0.999745, 0.99975, 0.999747, 0.999744, 0.999752, 0.999749, 0.999758, 0.999756, 0.999753, 0.999762, 0.99976, 0.999768, 0.999766, 0.999763, 0.99977, 0.999768, 0.999775, 0.999772, 0.999769, 0.999777, 0.999774, 0.999772, 0.999779, 0.999777, 0.999785, 0.999783, 0.99978, 0.999791, 0.999795, 0.999797, 0.999798, 0.999802, 0.999804, 0.999807, 0.999811, 0.999808, 0.999808, 0.999808, 0.999819, 0.999817, 0.999827, 0.999825, 0.999823, 0.99983, 0.999828, 0.999826, 0.999832, 0.99983, 0.999833, 0.999831, 0.999829, 0.999831, 0.999829, 0.999829, 0.999827, 0.999825, 0.999825, 0.999823, 0.999825, 0.999823, 0.999821, 0.999825, 0.999823, 0.999821, 0.999828, 0.999826, 0.999834, 0.999832, 0.99983, 0.99984, 0.999838, 0.999847, 0.999845, 0.999843, 0.99985, 0.999848, 0.999847, 0.999853, 0.999851, 0.999855, 0.999854, 0.999852, 0.999856, 0.999854, 0.999856, 0.999855, 0.999853, 0.999855, 0.999855, 0.999854, 0.999853, 0.999853, 0.999852, 0.999851, 0.999851, 0.999846, 0.999846, 0.999846, 0.999849, 0.999847, 0.999845, 0.999849, 0.999847, 0.999852, 0.999851, 0.999849, 0.999855, 0.999853, 0.999858, 0.999856, 0.999855, 0.999858, 0.999857, 0.999859, 0.999857, 0.999855, 0.999856, 0.999854, 0.999853, 0.999851, 0.99985, 0.999846, 0.999844, 0.999842, 0.999835, 0.999833, 0.99982, 0.999817, 0.999815, 0.999794, 0.999791, 0.999763, 0.99976, 0.999757, 0.999721, 0.999718, 0.999714, 0.999674, 0.99967, 0.999631, 0.999626, 0.999622, 0.999586, 0.999581, 0.999551, 0.999546, 0.99954, 0.999514, 0.999504, 0.999493, 0.999484, 0.999476, 0.999466, 0.999458, 0.99945, 0.999442
-1.58865e-16, 5.0993e-08, 5.70541e-07, 2.49958e-06, 1.06444e-05, 2.08725e-05, 3.39772e-05, 4.60488e-05, 2.80549e-05, -4.89124e-05, -4.96753e-05, -5.04382e-05, -0.000575882, -0.000585637, -0.00168072, -0.00170162, -0.00172253, -0.00361468, -0.00365073, -0.00619606, -0.00624917, -0.00630228, -0.00915804, -0.00922805, -0.00929807, -0.0121046, -0.012189, -0.0145308, -0.0146249, -0.0147191, -0.0162443, -0.0163424, -0.0168595, -0.0169552, -0.0170509, -0.0164869, -0.0165739, -0.0149384, -0.0150106, -0.0150829, -0.0124329, -0.0124855, -0.012538, -0.00905781, -0.0090879, -0.00516991, -0.00517718, -0.00518445, -0.00123808, -0.00122442, 0.00235082, 0.00238142, 0.00241202, 0.00528148, 0.00532416, 0.00733263, 0.00738351, 0.00743438, 0.0087633, 0.00881929, 0.00887527, 0.00980958, 0.00999697, 0.0101749, 0.0103916, 0.0105399, 0.0106751, 0.0108361, 0.0109805, 0.0113223, 0.0113248, 0.0113273, 0.0119392, 0.0120148, 0.0129887, 0.0130739, 0.0131591, 0.0146924, 0.0147899, 0.0167397, 0.0168503, 0.0169609, 0.0190428, 0.019166, 0.0192892, 0.0212772, 0.0214109, 0.022991, 0.0231311, 0.0232711, 0.0241565, 0.0242984, 0.0243786, 0.0245174, 0.0246563, 0.0239133, 0.0240443, 0.0241754, 0.0226174, 0.022736, 0.0204152, 0.0205175, 0.0206199, 0.0176502, 0.0177342, 0.0144399, 0.0145051, 0.0145704, 0.0112404, 0.0112878, 0.00815048, 0.00818259, 0.00821471, 0.00552547, 0.00554554, 0.00556562, 0.00345729, 0.00346764, 0.00177802, 0.00178046, 0.00178289, 0.000222912, -0.000357925, -0.000751502, -0.00115211, -0.00175835, -0.00217303, -0.00260008, -0.00328566, -0.00389495, -0.00389554, -0.00389614, -0.00526604, -0.00530012, -0.00585447, -0.00588567, -0.00591688, -0.0053692, -0.00539114, -0.00541308, -0.0037758, -0.00378441, -0.00147631, -0.00147176, -0.00146721, 0.000791778, 0.000805776, 0.00240698, 0.00242516, 0.00244334, 0.00313205, 0.00314875, 0.00286818, 0.00287779, 0.0028874, 0.00164931, 0.00164624, 0.00164318, -0.000544775, -0.000566114, -0.00367778, -0.00372254, -0.00376731, -0.0077389, -0.00781062, -0.0123294, -0.012428, -0.0125266, -0.017, -0.0171212, -0.0172424, -0.0209513, -0.0210888, -0.0236636, -0.0238109, -0.0239582, -0.0254211, -0.0255733, -0.0261765, -0.0263325, -0.0264885, -0.026957, -0.0272464, -0.0275903, -0.0278623, -0.0281264, -0.0284253, -0.0286639, -0.0288768, -0.0294215, -0.0294238, -0.029426, -0.0290541, -0.0292192, -0.0293844, -0.0285081, -0.0286653, -0.0270339, -0.0271794, -0.0273248, -0.025081, -0.025213, -0.0226992, -0.022818, -0.0229367, -0.0204665, -0.0205743, -0.018517, -0.0186178, -0.0187187, -0.0173684, -0.0174672, -0.0175661, -0.0170752, -0.0171774, -0.0175947, -0.0177056, -0.0178165, -0.0191449, -0.0192696, -0.0214315, -0.021574, -0.0217165, -0.0245685, -0.0247311, -0.0279367, -0.0281197, -0.0283027, -0.0315127, -0.0317143, -0.0319159, -0.0348075, -0.0350241, -0.0372746, -0.0375019, -0.0377292, -0.0392076, -0.039442, -0.0402899, -0.0405284, -0.040767, -0.0410821, -0.0412498, -0.0413617, -0.0415074, -0.0416453, -0.0417136, -0.0418274, -0.0419312, -0.0420251
0.67, 0.67, 0.67, 0.67, 0.67, 0.669998, 0.66999, 0.669956, 0.669908, 0.669818, 0.669817, 0.669817, 0.669411, 0.669404, 0.668761, 0.668749, 0.668736, 0.667818, 0.667799, 0.66674, 0.666715, 0.66669, 0.665689, 0.665659, 0.66563, 0.664877, 0.664846, 0.664598, 0.664569, 0.66454, 0.665072, 0.665052, 0.666533, 0.666527, 0.666522, 0.669044, 0.669059, 0.672584, 0.672625, 0.672666, 0.677107, 0.677178, 0.67725, 0.682396, 0.6825, 0.688008, 0.688146, 0.688284, 0.693886, 0.694058, 0.69949, 0.699693, 0.699896, 0.704961, 0.705192, 0.709701, 0.709957, 0.710214, 0.714178, 0.714457, 0.714735, 0.719046, 0.720203, 0.721324, 0.72279, 0.723832, 0.724846, 0.726154, 0.727105, 0.728812, 0.728825, 0.728837, 0.730797, 0.731164, 0.733142, 0.733524, 0.733906, 0.735877, 0.736275, 0.738253, 0.738666, 0.739078, 0.741048, 0.741475, 0.741903, 0.743782, 0.744224, 0.745971, 0.746426, 0.746882, 0.748538, 0.749007, 0.750592, 0.751074, 0.751556, 0.753101, 0.753597, 0.754092, 0.755596, 0.756105, 0.757535, 0.758056, 0.758577, 0.759911, 0.760444, 0.761637, 0.762181, 0.762725, 0.763799, 0.764354, 0.765353, 0.765919, 0.766484, 0.767433, 0.768009, 0.768585, 0.76944, 0.770026, 0.77072, 0.771313, 0.771907, 0.772316, 0.772708, 0.773123, 0.773501, 0.773696, 0.773979, 0.77422, 0.774195, 0.775752, 0.775764, 0.775776, 0.776398, 0.777046, 0.781428, 0.78213, 0.782831, 0.790845, 0.791622, 0.792398, 0.804175, 0.80504, 0.818865, 0.81981, 0.820756, 0.833051, 0.834056, 0.842783, 0.843828, 0.844872, 0.849979, 0.851042, 0.852484, 0.853543, 0.854603, 0.852383, 0.853418, 0.854452, 0.848566, 0.849555, 0.840078, 0.841, 0.841921, 0.828849, 0.829683, 0.813234, 0.81397, 0.814707, 0.796852, 0.797505, 0.798157, 0.782672, 0.783264, 0.771843, 0.772395, 0.772947, 0.76528, 0.765813, 0.761628, 0.762151, 0.762673, 0.759646, 0.759122, 0.758022, 0.757421, 0.756787, 0.755517, 0.754785, 0.754006, 0.753627, 0.753634, 0.75364, 0.749656, 0.750099, 0.750542, 0.746426, 0.746847, 0.742437, 0.742835, 0.743232, 0.738591, 0.738965, 0.734213, 0.734562, 0.734911, 0.730109, 0.730434, 0.725753, 0.726054, 0.726356, 0.721948, 0.722229, 0.72251, 0.718507, 0.71877, 0.715249, 0.715497, 0.715744, 0.712682, 0.712916, 0.710249, 0.710471, 0.710693, 0.708271, 0.708482, 0.706146, 0.706344, 0.706543, 0.704152, 0.704337, 0.704523, 0.702013, 0.702185, 0.699506, 0.699662, 0.699818, 0.6969, 0.697039, 0.693889, 0.694009, 0.69413, 0.690124, 0.688996, 0.687215, 0.686043, 0.684859, 0.683032, 0.681835, 0.680635, 0.679434
-1.3, -1.3, -1.3, -1.3, -1.30003, -1.30006, -1.30012, -1.3003, -1.30049, -1.30077, -1.30077, -1.30078, -1.30205, -1.30208, -1.30421, -1.30425, -1.3043, -1.30743, -1.3075, -1.31153, -1.31163, -1.31172, -1.31648, -1.31661, -1.31674, -1.32203, -1.32219, -1.32769, -1.32788, -1.32808, -1.33354, -1.33377, -1.33898, -1.33924, -1.3395, -1.34439, -1.34468, -1.3492, -1.34952, -1.34983, -1.35408, -1.35442, -1.35476, -1.35886, -1.35922, -1.36336, -1.36376, -1.36416, -1.36857, -1.369, -1.37381, -1.37427, -1.37474, -1.38008, -1.38058, -1.38643, -1.38698, -1.38752, -1.39378, -1.39436, -1.39495, -1.40328, -1.4058, -1.40829, -1.41162, -1.41399, -1.4163, -1.41931, -1.42147, -1.42525, -1.42527, -1.4253, -1.42974, -1.43053, -1.43484, -1.43566, -1.43647, -1.44072, -1.44157, -1.44577, -1.44666, -1.44754, -1.45173, -1.45264, -1.45356, -1.45779, -1.45873, -1.46298, -1.46396, -1.46494, -1.46926, -1.47028, -1.47474, -1.47579, -1.47685, -1.48155, -1.48264, -1.48373, -1.48868, -1.48981, -1.49485, -1.49603, -1.4972, -1.50228, -1.50349, -1.5085, -1.50975, -1.51101, -1.51595, -1.51725, -1.52201, -1.52335, -1.52468, -1.52926, -1.53063, -1.532, -1.53629, -1.53769, -1.54144, -1.54287, -1.5443, -1.54751, -1.54937, -1.55096, -1.55246, -1.55377, -1.55503, -1.55618, -1.557, -1.56144, -1.56147, -1.5615, -1.56104, -1.56258, -1.56363, -1.56519, -1.56675, -1.56875, -1.57035, -1.57194, -1.57464, -1.57626, -1.57885, -1.5805, -1.58214, -1.58381, -1.58548, -1.58592, -1.58759, -1.58926, -1.58849, -1.59016, -1.58818, -1.58986, -1.59153, -1.58837, -1.59003, -1.59169, -1.58734, -1.58899, -1.58348, -1.58511, -1.58673, -1.58005, -1.58164, -1.57384, -1.5754, -1.57695, -1.56831, -1.56983, -1.57135, -1.5627, -1.56419, -1.55628, -1.55774, -1.5592, -1.55223, -1.55367, -1.54764, -1.54906, -1.55048, -1.54356, -1.54247, -1.53998, -1.53868, -1.53731, -1.53444, -1.53292, -1.53135, -1.53148, -1.5315, -1.53152, -1.52356, -1.52483, -1.5261, -1.51893, -1.52017, -1.51344, -1.51465, -1.51587, -1.50952, -1.51071, -1.50456, -1.50573, -1.50689, -1.50075, -1.50189, -1.49549, -1.49659, -1.4977, -1.49073, -1.4918, -1.49287, -1.48516, -1.48619, -1.47772, -1.4787, -1.47969, -1.47042, -1.47136, -1.46143, -1.46231, -1.4632, -1.45274, -1.45357, -1.44294, -1.44371, -1.44449, -1.43396, -1.43468, -1.43541, -1.4252, -1.42587, -1.41627, -1.4169, -1.41753, -1.40859, -1.40917, -1.40079, -1.40134, -1.40188, -1.39248, -1.39021, -1.38653, -1.38421, -1.38185, -1.37803, -1.3756, -1.37313, -1.37062
-1.95794e-16, 5.0993e-08, 5.70541e-07, 2.49958e-06, 1.06445e-05, 2.08727e-05, 3.39781e-05, 4.60536e-05, 2.8067e-05, -4.88848e-05, -4.96476e-05, -5.04103e-05, -0.000575778, -0.000585532, -0.0016805, -0.00170141, -0.00172231, -0.00361467, -0.00365072, -0.00619738, -0.00625052, -0.00630366, -0.00916274, -0.00923282, -0.0093029, -0.0121151, -0.0121997, -0.0145488, -0.0146431, -0.0147374, -0.0162703, -0.0163686, -0.0168916, -0.0169875, -0.0170834, -0.0165215, -0.0166086, -0.014969, -0.0150413, -0.0151137, -0.0124512, -0.0125038, -0.0125563, -0.00905424, -0.00908413, -0.00513565, -0.0051425, -0.00514935, -0.00116506, -0.00115073, 0.00246798, 0.00249954, 0.00253111, 0.00544792, 0.00549187, 0.00754927, 0.0076017, 0.00765414, 0.00903174, 0.00908956, 0.00914739, 0.0101421, 0.0103451, 0.0105381, 0.0107756, 0.0109378, 0.0110868, 0.0112666, 0.011424, 0.0117793, 0.0117818, 0.0117843, 0.0120351, 0.0121023, 0.0115599, 0.0116181, 0.0116764, 0.0100251, 0.0100675, 0.00729414, 0.0073161, 0.00733806, 0.00377201, 0.00377302, 0.00377403, 0.000159939, 0.000143372, -0.00285305, -0.00288213, -0.0029112, -0.00501847, -0.00505457, -0.00620445, -0.00624221, -0.00627996, -0.00650173, -0.00653584, -0.00656996, -0.00588292, -0.00590818, -0.00434138, -0.00435308, -0.00436479, -0.00200614, -0.00200133, 0.000830133, 0.000850731, 0.000871329, 0.00355844, 0.00359002, 0.00542634, 0.00546227, 0.00549819, 0.00618749, 0.00622139, 0.00625529, 0.00584686, 0.00587391, 0.00465267, 0.00467186, 0.00469104, 0.00309904, 0.00249588, 0.00209347, 0.00168439, 0.00105786, 0.000635517, 0.00020113, -0.000502935, -0.00108821, -0.00108855, -0.00108889, -0.00296702, -0.00299784, -0.0052949, -0.00534304, -0.00539119, -0.00830087, -0.00836921, -0.00843755, -0.0118169, -0.0119067, -0.0154474, -0.0155585, -0.0156695, -0.0191725, -0.019303, -0.0224425, -0.0225889, -0.0227353, -0.0252321, -0.02539, -0.0271179, -0.0272828, -0.0274476, -0.0283907, -0.0285581, -0.0287255, -0.0288858, -0.0290513, -0.0284665, -0.0286264, -0.0287864, -0.0275773, -0.0277298, -0.0262053, -0.0263501, -0.0264949, -0.0249449, -0.025083, -0.0252211, -0.023845, -0.0239789, -0.0230471, -0.0231802, -0.0233132, -0.0229581, -0.0230927, -0.0231417, -0.0232796, -0.0234176, -0.0238513, -0.0241324, -0.0244734, -0.0247377, -0.0249947, -0.0252931, -0.0255262, -0.0257342, -0.0262372, -0.0262392, -0.0262412, -0.0259055, -0.0260523, -0.0261992, -0.0253553, -0.0254942, -0.0238977, -0.024025, -0.0241522, -0.0219447, -0.0220586, -0.0195819, -0.0196825, -0.0197832, -0.0173495, -0.0174393, -0.0154161, -0.0154989, -0.0155817, -0.0142606, -0.0143414, -0.0144222, -0.013953, -0.014037, -0.0144669, -0.0145595, -0.0146521, -0.0159832, -0.0160893, -0.0182448, -0.0183685, -0.0184922, -0.0213302, -0.0214738, -0.0246603, -0.0248239, -0.0249875, -0.0281753, -0.0283572, -0.028539, -0.0314068, -0.0316035, -0.0338306, -0.0340375, -0.0342445, -0.0357016, -0.0359154, -0.0367476, -0.0369653, -0.0371831, -0.0374929, -0.0376466, -0.0377504, -0.0378853, -0.0380137, -0.0380803, -0.0381872, -0.038285, -0.0383736
0.67, 0.67, 0.67, 0.67, 0.67, 0.669997, 0.66999, 0.669966, 0.669938, 0.669894, 0.669894, 0.669894, 0.669739, 0.669736, 0.66956, 0.669556, 0.669553, 0.669391, 0.669387, 0.669306, 0.669302, 0.669298, 0.669358, 0.669355, 0.669353, 0.669604, 0.669604, 0.670137, 0.670144, 0.67015, 0.671097, 0.671112, 0.672563, 0.672589, 0.672616, 0.674633, 0.674675, 0.677233, 0.677293, 0.677353, 0.680399, 0.68048, 0.680561, 0.683973, 0.684075, 0.687678, 0.687803, 0.687928, 0.691613, 0.691761, 0.695423, 0.695593, 0.695763, 0.699331, 0.699522, 0.702879, 0.703091, 0.703302, 0.706407, 0.706637, 0.706867, 0.710442, 0.711429, 0.712392, 0.71367, 0.714583, 0.715479, 0.71665, 0.717491, 0.718977, 0.718988, 0.718999, 0.722609, 0.722959, 0.730319, 0.730738, 0.731157, 0.742269, 0.74278, 0.757706, 0.758323, 0.758939, 0.776182, 0.776897, 0.777612, 0.793411, 0.794204, 0.806435, 0.807286, 0.808137, 0.816772, 0.817661, 0.822644, 0.823548, 0.824453, 0.825814, 0.826714, 0.827614, 0.82536, 0.826234, 0.820428, 0.821256, 0.822083, 0.812751, 0.813512, 0.800857, 0.801543, 0.802229, 0.788173, 0.788796, 0.777059, 0.777642, 0.778225, 0.770448, 0.771013, 0.771578, 0.767554, 0.768121, 0.767517, 0.768094, 0.768672, 0.769715, 0.770415, 0.771033, 0.771619, 0.772138, 0.772641, 0.773112, 0.773461, 0.775275, 0.775287, 0.775298, 0.774951, 0.775564, 0.775306, 0.775922, 0.776539, 0.776199, 0.776819, 0.777439, 0.777052, 0.777675, 0.777219, 0.777845, 0.77847, 0.777886, 0.778513, 0.777782, 0.77841, 0.779038, 0.778195, 0.778823, 0.7779, 0.778528, 0.779156, 0.778173, 0.778801, 0.779429, 0.778388, 0.779015, 0.777902, 0.778528, 0.779153, 0.777937, 0.778561, 0.777213, 0.777834, 0.778454, 0.77699, 0.777608, 0.778226, 0.776711, 0.777325, 0.775787, 0.776398, 0.777009, 0.775415, 0.776022, 0.774336, 0.774938, 0.775539, 0.773261, 0.772978, 0.772194, 0.771825, 0.771418, 0.770432, 0.769907, 0.769322, 0.769372, 0.76938, 0.769387, 0.765525, 0.766061, 0.766596, 0.762432, 0.762945, 0.758231, 0.758719, 0.759206, 0.754072, 0.754533, 0.749223, 0.749657, 0.750091, 0.744778, 0.745187, 0.74017, 0.740556, 0.740942, 0.736487, 0.736855, 0.737223, 0.733525, 0.73388, 0.731037, 0.731383, 0.731729, 0.729722, 0.730064, 0.728791, 0.729132, 0.729472, 0.728731, 0.729072, 0.728572, 0.728913, 0.729254, 0.728734, 0.729074, 0.729414, 0.728693, 0.72903, 0.727925, 0.728255, 0.728586, 0.726966, 0.727287, 0.725181, 0.72549, 0.725799, 0.722691, 0.721907, 0.720523, 0.719667, 0.718789, 0.717301, 0.716383, 0.715452, 0.714511
-1.3, -1.3, -1.3, -1.3, -1.3, -1.30002, -1.30005, -1.30015, -1.30029, -1.30054, -1.30054, -1.30055, -1.30182, -1.30185, -1.30419, -1.30424, -1.30428, -1.30798, -1.30806, -1.313, -1.31311, -1.31322, -1.31913, -1.31928, -1.31943, -1.32601, -1.3262, -1.33303, -1.33326, -1.3335, -1.34025, -1.34052, -1.34696, -1.34727, -1.34758, -1.35365, -1.354, -1.35964, -1.36002, -1.3604, -1.36568, -1.36609, -1.36651, -1.37157, -1.37201, -1.3771, -1.37758, -1.37806, -1.3835, -1.38402, -1.38997, -1.39054, -1.3911, -1.39779, -1.39841, -1.40578, -1.40644, -1.40711, -1.41492, -1.41564, -1.41636, -1.42664, -1.4297, -1.43272, -1.43673, -1.43959, -1.44237, -1.44598, -1.44858, -1.45313, -1.45316, -1.45319, -1.45933, -1.46031, -1.46804, -1.46908, -1.47012, -1.4792, -1.48031, -1.49035, -1.49153, -1.49271, -1.50283, -1.50407, -1.50531, -1.51446, -1.51576, -1.52351, -1.52486, -1.5262, -1.53262, -1.53401, -1.53907, -1.54049, -1.54192, -1.54567, -1.54713, -1.54858, -1.55105, -1.55253, -1.55371, -1.55519, -1.55668, -1.5566, -1.55809, -1.55676, -1.55826, -1.55975, -1.55758, -1.55907, -1.55695, -1.55845, -1.55995, -1.55856, -1.56007, -1.56158, -1.56108, -1.56261, -1.56296, -1.56451, -1.56605, -1.56638, -1.56712, -1.56801, -1.56879, -1.56898, -1.5695, -1.56991, -1.56956, -1.57338, -1.57341, -1.57344, -1.56983, -1.57139, -1.56782, -1.56937, -1.57092, -1.56704, -1.56858, -1.57012, -1.56601, -1.56754, -1.56322, -1.56474, -1.56626, -1.56177, -1.56327, -1.55865, -1.56014, -1.56163, -1.55691, -1.55839, -1.55369, -1.55515, -1.55662, -1.55201, -1.55346, -1.55491, -1.5504, -1.55184, -1.54739, -1.54881, -1.55024, -1.54575, -1.54716, -1.54264, -1.54404, -1.54544, -1.54087, -1.54226, -1.54364, -1.539, -1.54037, -1.53567, -1.53702, -1.53838, -1.53354, -1.53488, -1.52972, -1.53104, -1.53235, -1.52551, -1.52433, -1.52178, -1.52042, -1.519, -1.51614, -1.51461, -1.51305, -1.51298, -1.513, -1.51301, -1.50535, -1.50652, -1.50768, -1.50074, -1.50187, -1.49525, -1.49635, -1.49746, -1.49108, -1.49216, -1.48593, -1.48698, -1.48804, -1.48178, -1.48281, -1.47636, -1.47735, -1.47835, -1.47142, -1.47239, -1.47335, -1.46579, -1.46671, -1.45849, -1.45937, -1.46024, -1.45133, -1.45216, -1.44271, -1.44349, -1.44427, -1.4344, -1.43513, -1.42518, -1.42585, -1.42653, -1.41667, -1.4173, -1.41793, -1.40834, -1.40892, -1.3998, -1.40034, -1.40087, -1.39229, -1.39279, -1.38473, -1.38519, -1.38564, -1.37667, -1.37448, -1.371, -1.36882, -1.36662, -1.36312, -1.36088, -1.35863, -1.35635
9.88152e-17, 1.08705e-07, 1.24615e-06, 5.61571e-06, 2.5159e-05, 5.18907e-05, 9.19995e-05, 0.000170515, 0.000218861, 0.000239906, 0.000240451, 0.000240996, 0.000411654, 0.000418615, 0.00119976, 0.00121658, 0.0012334, 0.0029106, 0.00294293, 0.00555635, 0.00560836, 0.00566037, 0.00897021, 0.0090423, 0.00911439, 0.0124643, 0.0125531, 0.0152749, 0.0153746, 0.0154742, 0.0172, 0.0173037, 0.0178416, 0.017942, 0.0180425, 0.0173154, 0.0174051, 0.0154068, 0.0154783, 0.0155498, 0.0122984, 0.0123451, 0.0123918, 0.00803014, 0.00804733, 0.00294596, 0.00293271, 0.00291945, -0.00230748, -0.00234769, -0.00691594, -0.00697697, -0.00703801, -0.0105287, -0.0106042, -0.0129685, -0.0130535, -0.0131386, -0.0146485, -0.0147415, -0.0148345, -0.0164353, -0.016885, -0.0173083, -0.0178507, -0.018228, -0.0185951, -0.0190648, -0.0193799, -0.0198948, -0.019899, -0.0199032, -0.0201242, -0.0202404, -0.0199633, -0.0200745, -0.0201858, -0.0191627, -0.0192653, -0.0176063, -0.017698, -0.0177897, -0.0157803, -0.0158606, -0.0159409, -0.0138469, -0.0139169, -0.012036, -0.0120981, -0.0121602, -0.0107007, -0.0107576, -0.0097633, -0.00981738, -0.00987146, -0.00931653, -0.00937041, -0.00942428, -0.00930669, -0.00936301, -0.00969553, -0.00975672, -0.00981791, -0.0105634, -0.0106307, -0.0115747, -0.0116478, -0.0117209, -0.0126039, -0.0126812, -0.0132758, -0.0133541, -0.0134324, -0.0134917, -0.0135676, -0.0136434, -0.013087, -0.0131578, -0.0121964, -0.0122606, -0.0123249, -0.0108434, -0.0101725, -0.00974671, -0.00931938, -0.00864124, -0.00819393, -0.00773858, -0.00704622, -0.00671434, -0.00671497, -0.00671561, -0.00558376, -0.00561189, -0.00483163, -0.00485874, -0.00488585, -0.00466907, -0.00469799, -0.0047269, -0.00499368, -0.00502576, -0.00552016, -0.00555547, -0.00559078, -0.0060914, -0.00612851, -0.00637861, -0.00641495, -0.00645128, -0.00625984, -0.00629266, -0.00563728, -0.00566398, -0.00569067, -0.00459162, -0.00460955, -0.00462749, -0.00308594, -0.00309237, -0.00110246, -0.00109483, -0.0010872, 0.00132695, 0.00135004, 0.00396943, 0.00400785, 0.00404627, 0.00662738, 0.00667974, 0.0067321, 0.00905469, 0.0091181, 0.0109192, 0.0109902, 0.0110612, 0.0122547, 0.0123309, 0.0130987, 0.0131782, 0.0132578, 0.0137453, 0.0138853, 0.0140507, 0.0141832, 0.0143063, 0.0144217, 0.0145082, 0.0145896, 0.0149209, 0.0149221, 0.0149233, 0.0151789, 0.0152711, 0.0153632, 0.0159218, 0.0160208, 0.0170365, 0.0171448, 0.017253, 0.0186844, 0.0188033, 0.0204505, 0.0205804, 0.0207102, 0.0223895, 0.0225293, 0.0240193, 0.0241671, 0.024315, 0.0254662, 0.0256199, 0.0257736, 0.0265344, 0.0266916, 0.0270538, 0.0272123, 0.0273708, 0.0273367, 0.0274942, 0.0270728, 0.0272273, 0.0273818, 0.0266261, 0.0267766, 0.0258584, 0.0260053, 0.0261521, 0.0252854, 0.0254299, 0.0255745, 0.0249462, 0.0250908, 0.0248702, 0.0250174, 0.0251646, 0.0253912, 0.0255426, 0.0260264, 0.0261828, 0.0263392, 0.0270349, 0.0273481, 0.0276874, 0.0279329, 0.0281545, 0.0283669, 0.0285433, 0.028707, 0.0288601
0.67, 0.67, 0.67, 0.669998, 0.669986, 0.66996, 0.669906, 0.669729, 0.669509, 0.669162, 0.669161, 0.66916, 0.669359, 0.669373, 0.672448, 0.672497, 0.672547, 0.678601, 0.678705, 0.687777, 0.687946, 0.688115, 0.699178, 0.69941, 0.699642, 0.71013, 0.710413, 0.718768, 0.719089, 0.71941, 0.725448, 0.725794, 0.729365, 0.72972, 0.730074, 0.731148, 0.731497, 0.730109, 0.73044, 0.730771, 0.727005, 0.727304, 0.727603, 0.721628, 0.721884, 0.714013, 0.714222, 0.714431, 0.706029, 0.706202, 0.699682, 0.699836, 0.699989, 0.696432, 0.696582, 0.695826, 0.695988, 0.69615, 0.69786, 0.698037, 0.698215, 0.701163, 0.70182, 0.702423, 0.70316, 0.70368, 0.704181, 0.704802, 0.705268, 0.706198, 0.706206, 0.706213, 0.707142, 0.707365, 0.708405, 0.708637, 0.708869, 0.709949, 0.71019, 0.711332, 0.711581, 0.711831, 0.713001, 0.713259, 0.713517, 0.714548, 0.714813, 0.715652, 0.715924, 0.716196, 0.71691, 0.717188, 0.717793, 0.718077, 0.718361, 0.718872, 0.71916, 0.719449, 0.719871, 0.720165, 0.7205, 0.720798, 0.721095, 0.721337, 0.721638, 0.72173, 0.722034, 0.722337, 0.722309, 0.722615, 0.722592, 0.722901, 0.72321, 0.72323, 0.723542, 0.723854, 0.723883, 0.724198, 0.724237, 0.724555, 0.724873, 0.724817, 0.724936, 0.725108, 0.725269, 0.725325, 0.725447, 0.725548, 0.72548, 0.726237, 0.726243, 0.72625, 0.725403, 0.725722, 0.724847, 0.725163, 0.725479, 0.724406, 0.724718, 0.72503, 0.723876, 0.724184, 0.723026, 0.723329, 0.723633, 0.72238, 0.722679, 0.721423, 0.721719, 0.722015, 0.720967, 0.721261, 0.720537, 0.720832, 0.721127, 0.720772, 0.721069, 0.721367, 0.721378, 0.72168, 0.721997, 0.722305, 0.722613, 0.723113, 0.723426, 0.723873, 0.724191, 0.724509, 0.724816, 0.725139, 0.725461, 0.725728, 0.726055, 0.726228, 0.726557, 0.726887, 0.726872, 0.727203, 0.727058, 0.727391, 0.727724, 0.727279, 0.727337, 0.727229, 0.727248, 0.727244, 0.727007, 0.726896, 0.726715, 0.726881, 0.726886, 0.72689, 0.724632, 0.724935, 0.725238, 0.722375, 0.722659, 0.718997, 0.719259, 0.719521, 0.715209, 0.715446, 0.710768, 0.710979, 0.71119, 0.706354, 0.70654, 0.701976, 0.702141, 0.702306, 0.698476, 0.698627, 0.698777, 0.696019, 0.696162, 0.69464, 0.694783, 0.694926, 0.694624, 0.694772, 0.695503, 0.695661, 0.695819, 0.697243, 0.697412, 0.699035, 0.699214, 0.699393, 0.700831, 0.701017, 0.701204, 0.702239, 0.702429, 0.702827, 0.703017, 0.703207, 0.702805, 0.70299, 0.701855, 0.702031, 0.702208, 0.700014, 0.699369, 0.698268, 0.697576, 0.696885, 0.695793, 0.695136, 0.694501, 0.693889
-1.3, -1.3, -1.3, -1.3, -1.3, -1.29999, -1.29996, -1.29985, -1.2997, -1.29945, -1.29945, -1.29945, -1.29968, -1.29969, -1.30211, -1.30215, -1.30218, -1.30669, -1.30677, -1.31302, -1.31313, -1.31325, -1.32037, -1.32053, -1.32069, -1.32756, -1.32775, -1.33386, -1.33409, -1.33432, -1.33967, -1.33993, -1.34448, -1.34476, -1.34504, -1.34878, -1.34908, -1.35194, -1.35226, -1.35258, -1.35455, -1.35487, -1.3552, -1.35623, -1.35656, -1.3566, -1.35693, -1.35726, -1.35681, -1.35714, -1.35731, -1.35766, -1.358, -1.3595, -1.35987, -1.36274, -1.36314, -1.36353, -1.36778, -1.36821, -1.36863, -1.37446, -1.37604, -1.37756, -1.37951, -1.3809, -1.38224, -1.38395, -1.3852, -1.38757, -1.38759, -1.38761, -1.39006, -1.3906, -1.39311, -1.39367, -1.39423, -1.39675, -1.39733, -1.39991, -1.40051, -1.40112, -1.40374, -1.40436, -1.40498, -1.40753, -1.40817, -1.4106, -1.41127, -1.41193, -1.41434, -1.41503, -1.41748, -1.41819, -1.41889, -1.42145, -1.42217, -1.4229, -1.42557, -1.42632, -1.42904, -1.42982, -1.43059, -1.43332, -1.43412, -1.43676, -1.43758, -1.4384, -1.44097, -1.44181, -1.44435, -1.44521, -1.44607, -1.44861, -1.44949, -1.45038, -1.45283, -1.45373, -1.45597, -1.4569, -1.45782, -1.45987, -1.46111, -1.46219, -1.46321, -1.46418, -1.46508, -1.46592, -1.46658, -1.46952, -1.46954, -1.46955, -1.46891, -1.46989, -1.46915, -1.47014, -1.47113, -1.46993, -1.47092, -1.4719, -1.47041, -1.4714, -1.46975, -1.47073, -1.47172, -1.46993, -1.47091, -1.46915, -1.47013, -1.47112, -1.46964, -1.47063, -1.46959, -1.47058, -1.47157, -1.47103, -1.47203, -1.47303, -1.47298, -1.47399, -1.47435, -1.47538, -1.4764, -1.47703, -1.47807, -1.47867, -1.47972, -1.48077, -1.48119, -1.48225, -1.48331, -1.48356, -1.48463, -1.48457, -1.48565, -1.48673, -1.48622, -1.4873, -1.48637, -1.48746, -1.48854, -1.48666, -1.48677, -1.48629, -1.48627, -1.48619, -1.48541, -1.48516, -1.48482, -1.48616, -1.48618, -1.48619, -1.48161, -1.48265, -1.48368, -1.47892, -1.47994, -1.47456, -1.47555, -1.47654, -1.47067, -1.47164, -1.46545, -1.46639, -1.46732, -1.46091, -1.46182, -1.45549, -1.45637, -1.45725, -1.45133, -1.45218, -1.45304, -1.4478, -1.44864, -1.44425, -1.44508, -1.4459, -1.44235, -1.44316, -1.44031, -1.44112, -1.44193, -1.43951, -1.44031, -1.43799, -1.43878, -1.43958, -1.43709, -1.43788, -1.43866, -1.43592, -1.4367, -1.43359, -1.43435, -1.43511, -1.4315, -1.43224, -1.42813, -1.42886, -1.42958, -1.424, -1.42279, -1.42056, -1.41928, -1.41799, -1.41572, -1.41444, -1.41317, -1.41191
8.61675e-16, 1.08705e-07, 1.24615e-06, 5.61571e-06, 2.5159e-05, 5.18907e-05, 9.19997e-05, 0.000170517, 0.000218868, 0.000236023, 0.000236135, 0.000236246, 8.06679e-05, 7.78879e-05, -0.000479949, -0.000489745, -0.000499542, -0.0016962, -0.00171655, -0.00349865, -0.00353176, -0.00356488, -0.0057117, -0.0057585, -0.00580529, -0.00809303, -0.00815301, -0.0103272, -0.0103986, -0.0104701, -0.0123359, -0.0124166, -0.01388, -0.0139675, -0.0140551, -0.0150968, -0.0151887, -0.0157892, -0.0158829, -0.0159766, -0.0161341, -0.0162273, -0.0163205, -0.0160898, -0.0161813, -0.0157519, -0.015842, -0.0159321, -0.015542, -0.0156321, -0.0154881, -0.0155808, -0.0156734, -0.0159715, -0.0160695, -0.0168356, -0.0169406, -0.0170455, -0.0180776, -0.0181902, -0.0183029, -0.0198058, -0.0202507, -0.0206696, -0.0211964, -0.0215703, -0.0219343, -0.0223902, -0.0227025, -0.0232563, -0.0232613, -0.0232662, -0.0234352, -0.0235705, -0.023247, -0.0233772, -0.0235075, -0.022438, -0.0225594, -0.020856, -0.0209666, -0.0210772, -0.0190277, -0.0191268, -0.019226, -0.0170966, -0.0171855, -0.0152757, -0.0153567, -0.0154377, -0.0139583, -0.0140342, -0.0130301, -0.0131034, -0.0131767, -0.0126224, -0.0126957, -0.012769, -0.0126614, -0.0127374, -0.0130865, -0.0131677, -0.0132489, -0.0140148, -0.0141024, -0.0150668, -0.0151605, -0.0152542, -0.016156, -0.0162541, -0.0168647, -0.0169642, -0.0170636, -0.0171343, -0.0172315, -0.0173287, -0.016777, -0.0168695, -0.0159063, -0.0159923, -0.0160782, -0.0145828, -0.0139155, -0.0134987, -0.01308, -0.0124031, -0.0119634, -0.0115152, -0.0108218, -0.0105473, -0.0105484, -0.0105495, -0.00938336, -0.00943355, -0.0086221, -0.00867127, -0.00872043, -0.00846726, -0.00851818, -0.00856911, -0.00879397, -0.00884798, -0.00929488, -0.00935201, -0.00940915, -0.00985628, -0.00991507, -0.0101059, -0.0101637, -0.0102215, -0.00996597, -0.0100201, -0.00929813, -0.00934595, -0.00939376, -0.00822786, -0.00826673, -0.0083056, -0.00669876, -0.00672596, -0.00467327, -0.00468623, -0.0046992, -0.00222447, -0.00222183, 0.000456525, 0.000474655, 0.000492785, 0.00313167, 0.00316388, 0.0031961, 0.0055748, 0.0056182, 0.0074748, 0.00752593, 0.00757706, 0.00882773, 0.00888419, 0.00971135, 0.00977137, 0.00983139, 0.0103954, 0.0105444, 0.0107329, 0.0108743, 0.0110062, 0.0111436, 0.0112379, 0.0113264, 0.011624, 0.0116249, 0.0116258, 0.0115048, 0.0115661, 0.0116274, 0.0105692, 0.010618, 0.00839061, 0.00842082, 0.00845102, 0.00519395, 0.00520254, 0.00147182, 0.00145975, 0.00144768, -0.00209119, -0.00211985, -0.00492543, -0.00496488, -0.00500434, -0.00679712, -0.00684072, -0.00688431, -0.00752398, -0.00756473, -0.00700851, -0.00703936, -0.00707021, -0.00530813, -0.00532221, -0.00241572, -0.00240687, -0.00239803, 0.00154094, 0.00157719, 0.00622851, 0.00629355, 0.00635858, 0.0112107, 0.0113018, 0.0113929, 0.0157425, 0.0158538, 0.0191586, 0.0192835, 0.0194085, 0.0215504, 0.0216834, 0.0228649, 0.0230038, 0.0231428, 0.0240498, 0.024393, 0.0247826, 0.0250541, 0.0253001, 0.0255547, 0.0257521, 0.0259355, 0.0261074
0.67, 0.67, 0.67, 0.67, 0.669995, 0.669979, 0.669943, 0.669818, 0.669659, 0.669395, 0.669392, 0.66939, 0.668206, 0.668185, 0.666286, 0.666248, 0.666211, 0.663496, 0.663439, 0.660138, 0.660059, 0.65998, 0.6564, 0.6563, 0.656199, 0.652632, 0.652512, 0.649411, 0.649278, 0.649144, 0.646992, 0.646852, 0.645985, 0.645848, 0.64571, 0.646278, 0.646151, 0.648118, 0.648009, 0.647899, 0.651086, 0.650999, 0.650912, 0.654956, 0.654894, 0.659265, 0.659227, 0.659189, 0.663473, 0.663457, 0.667356, 0.667359, 0.667363, 0.670619, 0.670636, 0.67305, 0.673077, 0.673105, 0.674739, 0.674773, 0.674806, 0.675901, 0.676059, 0.676198, 0.676374, 0.676504, 0.676639, 0.676826, 0.676959, 0.677174, 0.677175, 0.677177, 0.6775, 0.677547, 0.677989, 0.678038, 0.678088, 0.678557, 0.678611, 0.679194, 0.679252, 0.67931, 0.68005, 0.680113, 0.680176, 0.680923, 0.680991, 0.681784, 0.681859, 0.681934, 0.682982, 0.683066, 0.684464, 0.684559, 0.684655, 0.686451, 0.68656, 0.686669, 0.688857, 0.688982, 0.691493, 0.691635, 0.691777, 0.694507, 0.694666, 0.697381, 0.697557, 0.697733, 0.700361, 0.700554, 0.703173, 0.703382, 0.703592, 0.70617, 0.706396, 0.706622, 0.709048, 0.70929, 0.711581, 0.711837, 0.712093, 0.714486, 0.715576, 0.716379, 0.717178, 0.718228, 0.719016, 0.7198, 0.72082, 0.722323, 0.722329, 0.722335, 0.723964, 0.72429, 0.726062, 0.726401, 0.726741, 0.728531, 0.728885, 0.729239, 0.731079, 0.731447, 0.733303, 0.733684, 0.734066, 0.735826, 0.73622, 0.737845, 0.738253, 0.73866, 0.740217, 0.740637, 0.74213, 0.742562, 0.742994, 0.744434, 0.744878, 0.745322, 0.746705, 0.747161, 0.74847, 0.748938, 0.749405, 0.750622, 0.7511, 0.752142, 0.75263, 0.753117, 0.754004, 0.754501, 0.754998, 0.75585, 0.756356, 0.757189, 0.757705, 0.758221, 0.759016, 0.759541, 0.760312, 0.760846, 0.761381, 0.762112, 0.762674, 0.763211, 0.763716, 0.764184, 0.764513, 0.764824, 0.765032, 0.766176, 0.766184, 0.766191, 0.765927, 0.766505, 0.767083, 0.769804, 0.770419, 0.775883, 0.776552, 0.777222, 0.785567, 0.786302, 0.796342, 0.797137, 0.797933, 0.807121, 0.807963, 0.814753, 0.815628, 0.816503, 0.820748, 0.821641, 0.822534, 0.824119, 0.825013, 0.823909, 0.82479, 0.82567, 0.8219, 0.822752, 0.816444, 0.817252, 0.818061, 0.809345, 0.810098, 0.799278, 0.79997, 0.800663, 0.7892, 0.789843, 0.790486, 0.780958, 0.781569, 0.775116, 0.775712, 0.776307, 0.772686, 0.773281, 0.772152, 0.77275, 0.773347, 0.772709, 0.772752, 0.772404, 0.772318, 0.772203, 0.771702, 0.771555, 0.771405, 0.771258
-1.3, -1.3, -1.3, -1.3, -1.3, -1.29998, -1.29995, -1.29986, -1.29974, -1.29956, -1.29956, -1.29955, -1.29881, -1.29879, -1.29774, -1.29772, -1.29769, -1.29636, -1.29633, -1.29491, -1.29487, -1.29483, -1.29354, -1.29349, -1.29345, -1.29245, -1.2924, -1.29199, -1.29195, -1.29191, -1.29247, -1.29243, -1.29422, -1.2942, -1.29419, -1.29733, -1.29734, -1.30178, -1.30182, -1.30186, -1.30742, -1.3075, -1.30758, -1.31391, -1.31403, -1.32069, -1.32085, -1.32101, -1.32771, -1.32791, -1.33441, -1.33465, -1.33489, -1.34104, -1.34132, -1.34689, -1.3472, -1.3475, -1.35245, -1.35279, -1.35312, -1.35851, -1.35994, -1.36133, -1.36315, -1.36445, -1.36573, -1.36739, -1.36858, -1.37064, -1.37066, -1.37067, -1.373, -1.37344, -1.37564, -1.3761, -1.37655, -1.37849, -1.37897, -1.38077, -1.38126, -1.38174, -1.38356, -1.38406, -1.38456, -1.38634, -1.38686, -1.38875, -1.38928, -1.38982, -1.39209, -1.39264, -1.39543, -1.39601, -1.39659, -1.39995, -1.40056, -1.40117, -1.40512, -1.40576, -1.41017, -1.41084, -1.41152, -1.41627, -1.41698, -1.42174, -1.42248, -1.42323, -1.42786, -1.42864, -1.43309, -1.4339, -1.43471, -1.43888, -1.43971, -1.44055, -1.44427, -1.44513, -1.44838, -1.44926, -1.45015, -1.45309, -1.45462, -1.45588, -1.45709, -1.45836, -1.45945, -1.46049, -1.46151, -1.46468, -1.4647, -1.46472, -1.46515, -1.46612, -1.4667, -1.46768, -1.46866, -1.46914, -1.47013, -1.47113, -1.47158, -1.47258, -1.473, -1.47401, -1.47503, -1.47534, -1.47637, -1.47657, -1.4776, -1.47864, -1.47882, -1.47987, -1.48009, -1.48115, -1.48221, -1.48251, -1.48358, -1.48466, -1.48504, -1.48613, -1.48655, -1.48765, -1.48874, -1.48913, -1.49024, -1.49051, -1.49163, -1.49275, -1.49289, -1.49402, -1.49515, -1.49523, -1.49637, -1.49641, -1.49756, -1.49871, -1.49865, -1.49981, -1.49956, -1.50073, -1.50189, -1.50106, -1.50156, -1.50164, -1.50201, -1.50233, -1.50208, -1.5022, -1.50221, -1.50424, -1.50425, -1.50427, -1.50103, -1.5022, -1.50336, -1.50159, -1.50276, -1.50188, -1.50307, -1.50425, -1.50407, -1.50526, -1.50518, -1.50638, -1.50759, -1.50704, -1.50825, -1.50703, -1.50824, -1.50944, -1.50755, -1.50875, -1.50995, -1.50738, -1.50858, -1.50535, -1.50653, -1.50771, -1.50381, -1.50498, -1.50042, -1.50157, -1.50271, -1.49747, -1.49859, -1.49269, -1.49378, -1.49488, -1.48855, -1.48962, -1.49069, -1.48459, -1.48564, -1.48034, -1.48138, -1.48241, -1.47806, -1.47909, -1.4757, -1.47671, -1.47773, -1.47383, -1.47329, -1.4719, -1.47126, -1.4706, -1.46908, -1.46839, -1.46769, -1.46699